{
    "average_complexity": 307.215,
    "checkpoint_file": "./models/_blood_plus_bce_auc_f1.save",
    "checkpoint_frequency": 1,
    "client_name": "blood_plus",
    "const_range": [
        0,
        1
    ],
    "converged_generation": null,
    "fpf_hypervolume": 1.1357286938224072,
    "fpf_tree_diversity": 0.11591762068420984,
    "generation": 100,
    "generations_to_train": 100,
    "genetic_operators_frequency": {
        "crossover": 1,
        "mutation": 1,
        "insert_node": 1,
        "delete_node": 1,
        "mutate_leaf": 1,
        "mutate_operator": 1,
        "recalibrate": 1
    },
    "parsimony_decay": 0.85,
    "parsimony": 0.8,
    "population_size": 200,
    "total_time": 36021.732465580106,
    "tournament_size": 3
}